<annotation>
	<folder>images</folder>
	<filename>videoplayback0057.jpg</filename>
	<path>C:\Users\sirak\Documents\Berkeley\DeepLearning\MIDS_HW8-master\images\videoplayback0057.jpg</path>
	<source>
		<database>Unknown</database>
	</source>
	<size>
		<width>1000</width>
		<height>563</height>
		<depth>3</depth>
	</size>
	<segmented>0</segmented>
	<object>
		<name>Tie Fighter</name>
		<pose>Unspecified</pose>
		<truncated>0</truncated>
		<difficult>0</difficult>
		<bndbox>
			<xmin>167</xmin>
			<ymin>159</ymin>
			<xmax>179</xmax>
			<ymax>170</ymax>
		</bndbox>
	</object>
	<object>
		<name>Tie Fighter</name>
		<pose>Unspecified</pose>
		<truncated>0</truncated>
		<difficult>0</difficult>
		<bndbox>
			<xmin>143</xmin>
			<ymin>146</ymin>
			<xmax>151</xmax>
			<ymax>156</ymax>
		</bndbox>
	</object>
</annotation>
