<annotation>
	<folder>images</folder>
	<filename>videoplayback6331.jpg</filename>
	<path>C:\Users\sirak\Documents\Berkeley\DeepLearning\MIDS_HW8-master\images\videoplayback6331.jpg</path>
	<source>
		<database>Unknown</database>
	</source>
	<size>
		<width>1000</width>
		<height>563</height>
		<depth>3</depth>
	</size>
	<segmented>0</segmented>
	<object>
		<name>Tie Fighter</name>
		<pose>Unspecified</pose>
		<truncated>0</truncated>
		<difficult>0</difficult>
		<bndbox>
			<xmin>453</xmin>
			<ymin>95</ymin>
			<xmax>478</xmax>
			<ymax>146</ymax>
		</bndbox>
	</object>
	<object>
		<name>Tie Fighter</name>
		<pose>Unspecified</pose>
		<truncated>0</truncated>
		<difficult>0</difficult>
		<bndbox>
			<xmin>388</xmin>
			<ymin>145</ymin>
			<xmax>417</xmax>
			<ymax>177</ymax>
		</bndbox>
	</object>
	<object>
		<name>Millennium Falcon</name>
		<pose>Unspecified</pose>
		<truncated>0</truncated>
		<difficult>0</difficult>
		<bndbox>
			<xmin>498</xmin>
			<ymin>272</ymin>
			<xmax>731</xmax>
			<ymax>394</ymax>
		</bndbox>
	</object>
</annotation>
