<annotation>
	<folder>images</folder>
	<filename>videoplayback0844.jpg</filename>
	<path>C:\Users\sirak\Documents\Berkeley\DeepLearning\MIDS_HW8-master\images\videoplayback0844.jpg</path>
	<source>
		<database>Unknown</database>
	</source>
	<size>
		<width>1000</width>
		<height>563</height>
		<depth>3</depth>
	</size>
	<segmented>0</segmented>
	<object>
		<name>Tie Fighter</name>
		<pose>Unspecified</pose>
		<truncated>0</truncated>
		<difficult>0</difficult>
		<bndbox>
			<xmin>215</xmin>
			<ymin>125</ymin>
			<xmax>225</xmax>
			<ymax>134</ymax>
		</bndbox>
	</object>
	<object>
		<name>Tie Fighter</name>
		<pose>Unspecified</pose>
		<truncated>0</truncated>
		<difficult>0</difficult>
		<bndbox>
			<xmin>463</xmin>
			<ymin>178</ymin>
			<xmax>471</xmax>
			<ymax>187</ymax>
		</bndbox>
	</object>
	<object>
		<name>Millennium Falcon</name>
		<pose>Unspecified</pose>
		<truncated>0</truncated>
		<difficult>0</difficult>
		<bndbox>
			<xmin>276</xmin>
			<ymin>216</ymin>
			<xmax>728</xmax>
			<ymax>326</ymax>
		</bndbox>
	</object>
</annotation>
