<annotation>
	<folder>images</folder>
	<filename>videoplayback5532.jpg</filename>
	<path>C:\Users\sirak\Documents\Berkeley\DeepLearning\MIDS_HW8-master\images\videoplayback5532.jpg</path>
	<source>
		<database>Unknown</database>
	</source>
	<size>
		<width>1000</width>
		<height>563</height>
		<depth>3</depth>
	</size>
	<segmented>0</segmented>
	<object>
		<name>Tie Fighter</name>
		<pose>Unspecified</pose>
		<truncated>0</truncated>
		<difficult>0</difficult>
		<bndbox>
			<xmin>303</xmin>
			<ymin>262</ymin>
			<xmax>358</xmax>
			<ymax>329</ymax>
		</bndbox>
	</object>
	<object>
		<name>Millennium Falcon</name>
		<pose>Unspecified</pose>
		<truncated>0</truncated>
		<difficult>0</difficult>
		<bndbox>
			<xmin>819</xmin>
			<ymin>151</ymin>
			<xmax>924</xmax>
			<ymax>212</ymax>
		</bndbox>
	</object>
</annotation>
