<annotation>
	<folder>images</folder>
	<filename>videoplayback0808.jpg</filename>
	<path>C:\Users\sirak\Documents\Berkeley\DeepLearning\MIDS_HW8-master\images\videoplayback0808.jpg</path>
	<source>
		<database>Unknown</database>
	</source>
	<size>
		<width>1000</width>
		<height>563</height>
		<depth>3</depth>
	</size>
	<segmented>0</segmented>
	<object>
		<name>Tie Fighter</name>
		<pose>Unspecified</pose>
		<truncated>0</truncated>
		<difficult>0</difficult>
		<bndbox>
			<xmin>180</xmin>
			<ymin>179</ymin>
			<xmax>191</xmax>
			<ymax>190</ymax>
		</bndbox>
	</object>
	<object>
		<name>Millennium Falcon</name>
		<pose>Unspecified</pose>
		<truncated>0</truncated>
		<difficult>0</difficult>
		<bndbox>
			<xmin>274</xmin>
			<ymin>226</ymin>
			<xmax>727</xmax>
			<ymax>338</ymax>
		</bndbox>
	</object>
</annotation>
